asset,publish_date,status,board,angle,title,description,destination_url,visual_brief
pin-01.png,2026-06-12,planned,Soft Home Rituals,broad buying guide,4 Essential Oil Diffusers That Look Like Home Decor,"Compare four decorative essential oil diffusers for different rooms and routines, including premium ceramic, large-capacity, compact and waterless options. This post contains affiliate links.",https://softmoonstudio.com/posts/best-essential-oil-diffusers-that-look-like-home-decor/?utm_source=pinterest&utm_medium=organic&utm_campaign=soft_home_scent_rituals&utm_content=pin_01,"1000x1500 editorial console scene with three or four distinct generic diffuser silhouettes in matte ceramic, glass and wood; warm ivory and pale oak palette; headline at top; SOFT MOON STUDIO small at bottom; no logos or exact product claims."
pin-02.png,2026-06-16,planned,Soft Home Rituals,problem led,Essential Oil Diffusers That Don't Look Like Appliances,"Looking for an essential oil diffuser that belongs in your room rather than looking like another plastic device? Compare four design-conscious options and the tradeoffs to check before buying. This post contains affiliate links.",https://softmoonstudio.com/posts/best-essential-oil-diffusers-that-look-like-home-decor/?utm_source=pinterest&utm_medium=organic&utm_campaign=soft_home_scent_rituals&utm_content=pin_02,"1000x1500 tasteful split composition: subdued generic shiny appliance silhouette on one side and calm matte ceramic diffuser integrated into a warm room on the other; strong mobile headline; no brand imitation."
pin-03.png,2026-06-19,planned,Soft Home Rituals,ceramic design,Best Ceramic Essential Oil Diffusers for a Calm Home,"Ceramic essential oil diffusers can feel more like pottery than electronics. See which design suits a small bedside table, a larger room or a premium minimalist interior. This post contains affiliate links.",https://softmoonstudio.com/posts/best-essential-oil-diffusers-that-look-like-home-decor/?utm_source=pinterest&utm_medium=organic&utm_campaign=soft_home_scent_rituals&utm_content=pin_03,"1000x1500 close editorial image of one unbranded matte ceramic diffuser on pale oak with linen book and plaster wall; emphasize texture and negative space; warm neutral palette; headline at top."
pin-04.png,2026-06-23,planned,Soft Home Rituals,format comparison,Ceramic or Waterless Essential Oil Diffuser?,"Not sure whether to choose an ultrasonic ceramic diffuser or a waterless nebulizer? Compare appearance, upkeep, capacity and how each format fits into a home scent ritual. This post contains affiliate links.",https://softmoonstudio.com/posts/best-essential-oil-diffusers-that-look-like-home-decor/?utm_source=pinterest&utm_medium=organic&utm_campaign=soft_home_scent_rituals&utm_content=pin_04,"1000x1500 two-column comparison with generic ceramic ultrasonic diffuser and fine mist on left, generic glass-and-wood nebulizer on right; small ULTRASONIC and WATERLESS labels; clean central divider."
pin-05.png,2026-06-26,planned,Soft Home Rituals,bedroom intent,Decorative Essential Oil Diffusers for a Calm Bedroom,"Choose a bedroom diffuser by looking beyond appearance. Compare capacity, light controls, timers, automatic shutoff and the space it needs around it. This post contains affiliate links.",https://softmoonstudio.com/posts/best-essential-oil-diffusers-that-look-like-home-decor/?utm_source=pinterest&utm_medium=organic&utm_campaign=soft_home_scent_rituals&utm_content=pin_05,"1000x1500 serene bedroom nightstand with generic diffuser, linen bedding and one closed book; subtle mist and plenty of open space; no candles or sleep claims; soft side light."
pin-06.png,2026-06-30,planned,Soft Home Rituals,large capacity,A Large Essential Oil Diffuser Can Still Look Beautiful,"Need a larger reservoir without adding another obvious plastic appliance to the room? See the large ceramic option in this four-diffuser comparison. This post contains affiliate links.",https://softmoonstudio.com/posts/best-essential-oil-diffusers-that-look-like-home-decor/?utm_source=pinterest&utm_medium=organic&utm_campaign=soft_home_scent_rituals&utm_content=pin_06,"1000x1500 larger generic patterned ceramic diffuser on living-room console with low bowl, framed neutral print and one branch for scale; diffuser centered; elegant rather than spa-themed."
pin-07.png,2026-07-03,planned,Soft Home Rituals,small space,Small Ceramic Essential Oil Diffusers for Bedside Tables,"A compact diffuser can fit a bedside table or narrow dresser without taking over the surface. Compare a 200 ml stone-look option with three other decorative formats. This post contains affiliate links.",https://softmoonstudio.com/posts/best-essential-oil-diffusers-that-look-like-home-decor/?utm_source=pinterest&utm_medium=organic&utm_campaign=soft_home_scent_rituals&utm_content=pin_07,"1000x1500 narrow bedside or desk surface with compact generic stone-look diffuser and visible breathing room; one book and small tray only; text-led top third; no unverified measurements."
pin-08.png,2026-07-07,planned,Soft Home Rituals,buying checklist,7 Things to Check Before Buying an Essential Oil Diffuser,"Before choosing a diffuser, check the method, capacity, light controls, timer, automatic shutoff, cleaning and placement. Use this guide to compare four decorative options. This post contains affiliate links.",https://softmoonstudio.com/posts/best-essential-oil-diffusers-that-look-like-home-decor/?utm_source=pinterest&utm_medium=organic&utm_campaign=soft_home_scent_rituals&utm_content=pin_08,"1000x1500 mobile-readable checklist layout over subtle neutral diffuser background; seven labels METHOD, CAPACITY, LIGHT, TIMER, AUTO-OFF, CLEANING, PLACEMENT; restrained icons; high contrast."
pin-09.png,2026-07-10,planned,Calm Home Aesthetic,display worthy,Essential Oil Diffusers Worth Leaving on Display,"These decorative diffuser options use ceramic, glass and wood to feel more at home on a shelf or console. Compare four designs before choosing one. This post contains affiliate links.",https://softmoonstudio.com/posts/best-essential-oil-diffusers-that-look-like-home-decor/?utm_source=pinterest&utm_medium=organic&utm_campaign=soft_home_scent_rituals&utm_content=pin_09,"1000x1500 elevated interior-magazine still life with one generic ceramic diffuser and one generic glass-and-wood form on staggered shelves; warm neutral styling; no product collage or logos."
pin-10.png,2026-07-14,planned,Soft Home Rituals,decision guide,Which Essential Oil Diffuser Fits Your Home?,"Premium ceramic, large ceramic, compact or waterless: compare four essential oil diffuser formats by room, routine and practical tradeoffs. This post contains affiliate links.",https://softmoonstudio.com/posts/best-essential-oil-diffusers-that-look-like-home-decor/?utm_source=pinterest&utm_medium=organic&utm_campaign=soft_home_scent_rituals&utm_content=pin_10,"1000x1500 four-zone comparison layout using generic silhouettes labeled PREMIUM CERAMIC, LARGE CERAMIC, COMPACT and WATERLESS; clear decision-guide design; warm Soft Moon Studio palette."
